<?xml version="1.0" encoding="UTF-8" ?>
<standardizer xmlns="https://si.team/schemas">
    <organization>REI</organization>
    <source>
        <tenant>
            <key>rei</key>
            <auth>
                <authType>DSS_OAUTH</authType>
                <secretId>sharedHelo2DssCreds</secretId>
            </auth>
        </tenant>
    </source>
    <channels>
        <channel id="e1a73a0e-dfe5-4251-aa9b-55b2f07b3a28" name="ASN_Kafka" source="REI:OrderFulfillmentKafka"
                 incremental="true" secondary="false">
            <selectPayloads>
                <integrationArtifactId>kafka-plugin</integrationArtifactId>
            </selectPayloads>
            <transformerClass>
                team.si.stan.core.transformers.REIOrderFulfKafkaToPOFulfillmentXf
            </transformerClass>
            <transformerClass>
                team.si.stan.core.transformers.REIOrderFulfKafkaToTransitDocXf
            </transformerClass>
        </channel>
        <channel id="6a503f2d-f9dd-46c8-8f07-a33822a817d1" name="EmailedIntlPOReport" source="REI:OrderReport"
                 incremental="false" secondary="false">
            <selectPayloads>
                <integrationArtifactId>email-azure-plugin</integrationArtifactId>
                <annotation type="STARTS_WITH">
                    <name>subject</name>
                    <value>REI | Orders | InternationalPO</value>
                </annotation>
            </selectPayloads>
            <transformerClass>
                team.si.stan.core.transformers.REIOrderRptToPurchaseOrderXf
            </transformerClass>
            <transformerClass>
                team.si.stan.core.transformers.REIOrderRptToTagXf
            </transformerClass>
        </channel>
        <channel id="705401ad-30f4-4f63-8381-1e859da6bc99" name="DHL_API" source="DHL:ShipmentTrackingAPI"
                 incremental="true" secondary="true">
            <selectPayloads>
                <integrationArtifactId>dhl-rest-plugin</integrationArtifactId>
            </selectPayloads>
            <passthrough sim="DHL"/>
        </channel>
    </channels>
</standardizer>