<?xml version="1.0" encoding="UTF-8" ?>
<standardizer xmlns="https://si.team/schemas">
    <organization>Helo</organization>
    <source>
        <tenant>
            <key>helo</key>
            <auth>
                <authType>DSS_OAUTH</authType>
                <secretId>sharedHelo2DssCreds</secretId>
            </auth>
        </tenant>
    </source>
    <channels>
        <channel id="31662fc7-fe5a-4338-9894-03d3bfd9a89d" name="HeloOpenTrack" source="OpenTrack:OpenTrack"
                 incremental="false" secondary="true">
            <selectPayloads>
                <integrationArtifactId>opentrack-rest-plugin</integrationArtifactId>
            </selectPayloads>
            <passthrough sim="OpenTrack"/>
        </channel>
        <channel id="1aeaddaa-ae2f-49dd-bb90-cae6002f972c" name="HeloPortcast" source="Portcast:Portcast"
                 incremental="false" secondary="true">
            <selectPayloads>
                <integrationArtifactId>portcast-rest-plugin</integrationArtifactId>
            </selectPayloads>
            <passthrough sim="Portcast"/>
        </channel>
    </channels>
</standardizer>