<?xml version="1.0" encoding="UTF-8" ?>
<standardizer xmlns="https://si.team/schemas">
    <organization>REI</organization>
    <source>
        <tenant>
            <key>rei</key>
            <auth>
                <authType>DSS_OAUTH</authType>
                <secretId>sharedHelo2DssCreds</secretId>
            </auth>
        </tenant>
    </source>
    <channels>
<!--        <channel id="16344a61-62d4-48a8-813c-43c874017105" name="ASN_Kafka" source="REI:OrderFulfillmentKafka"-->
<!--                 incremental="true" secondary="false">-->
<!--            <selectPayloads>-->
<!--                <integrationArtifactId>kafka-plugin</integrationArtifactId>-->
<!--            </selectPayloads>-->
<!--            <transformerClass>-->
<!--                team.si.stan.core.transformers.REIOrderFulfKafkaToPOFulfillmentXf-->
<!--            </transformerClass>-->
<!--            <transformerClass>-->
<!--                team.si.stan.core.transformers.REIOrderFulfKafkaToTransitDocXf-->
<!--            </transformerClass>-->
<!--        </channel>-->
<!--        <channel id="3b6f8701-f877-4c34-a057-7c80e70a0f75" name="EmailedIntlPOReport" source="REI:OrderReport"-->
<!--                 incremental="false" secondary="false">-->
<!--            <selectPayloads>-->
<!--                <integrationArtifactId>email-azure-plugin</integrationArtifactId>-->
<!--                <annotation type="STARTS_WITH">-->
<!--                    <name>subject</name>-->
<!--                    <value>REI | Orders | InternationalPO</value>-->
<!--                </annotation>-->
<!--            </selectPayloads>-->
<!--            <transformerClass>-->
<!--                team.si.stan.core.transformers.REIOrderRptToPurchaseOrderXf-->
<!--            </transformerClass>-->
<!--            <transformerClass>-->
<!--                team.si.stan.core.transformers.REIOrderRptToTagXf-->
<!--            </transformerClass>-->
<!--        </channel>-->
    </channels>
</standardizer>