<?xml version="1.0" encoding="UTF-8" ?>
<standardizer xmlns="https://si.team/schemas">
    <organization>ParkerHannifinLord</organization>
    <source>
        <tenant>
            <key>parker-lord</key>
            <auth>
                <authType>DSS_OAUTH</authType>
                <secretId>sharedHelo2DssCreds</secretId>
            </auth>
        </tenant>
    </source>
    <channels>
        <channel id="1a9b0862-a4c7-4d65-81ab-32ff92759662" name="ShipmentsExactMatch-Passthrough"
                 source="Expeditors:ShipmentExactMatchAPI" incremental="false" secondary="false">
            <selectPayloads>
                <integrationArtifactId>kavi2-all-in-one</integrationArtifactId>
                <annotation>
                    <name>api</name>
                    <value>/tracking/v2/shipments/exactmatch</value>
                </annotation>
            </selectPayloads>
            <passthrough sim="ShipmentsExactMatch"/>
        </channel>
        <channel id="f3a5f444-f2b1-4463-a437-8a0e6125ed2f" name="ContainersExactMatch-Passthrough"
                 source="Expeditors:ContainerExactMatchAPI" incremental="false" secondary="false">
            <selectPayloads>
                <integrationArtifactId>kavi2-all-in-one</integrationArtifactId>
                <annotation>
                    <name>api</name>
                    <value>/tracking/v2/containers/exactmatch</value>
                </annotation>
            </selectPayloads>
            <passthrough sim="ContainersExactMatch"/>
        </channel>
        <channel id="f760ea75-e845-435b-aed0-0e7281d2363c" name="Emailed_RAFT_ASN"
                 source="ParkerHannifinLord:InvoiceReport" incremental="false" secondary="false">
            <selectPayloads>
                <integrationArtifactId>email-azure-plugin</integrationArtifactId>
                <annotation type="STARTS_WITH">
                    <name>subject</name>
                    <value>PH | RAFT | InvoiceReport</value>
                </annotation>
            </selectPayloads>
            <transformerClass>
                team.si.stan.core.transformers.ParkerHannifinLordInvoiceRptToTransitDocXf
            </transformerClass>
            <transformerClass>
                team.si.stan.core.transformers.ParkerHannifinLordInvoiceRptToPOFulfillmentXf
            </transformerClass>
            <transformerClass>
                team.si.stan.core.transformers.ParkerHannifinLordInvoiceRptToTagXf
            </transformerClass>
        </channel>
        <channel id="7c145655-7c5f-41fc-8827-9e153bfbacde" name="CHR_Shipment_Tab"
                 source="CHRobinson:ShipmentTrackingReport" incremental="false" secondary="false">
            <selectPayloads>
                <integrationArtifactId>email-azure-plugin</integrationArtifactId>
                <annotation type="CONTAINS">
                    <name>subject</name>
                    <value>PH | CHR | ShipmentTabReport</value>
                </annotation>
            </selectPayloads>
            <transformerClass>
                team.si.stan.core.transformers.CHRobinsonShptTrkRptToTransitDocXf
            </transformerClass>
            <transformerClass>
                team.si.stan.core.transformers.CHRobinsonShptTrkRptToTDReferenceXf
            </transformerClass>
            <transformerClass>
                team.si.stan.core.transformers.CHRobinsonShptTrkRptToTDItineraryXf
            </transformerClass>
            <transformerClass>
                team.si.stan.core.transformers.CHRobinsonShptTrkRptToMilestoneXf
            </transformerClass>
        </channel>
    </channels>
</standardizer>